{"case": 5, "problem_dimension": 2, "total_number_of_events": 4928, "p_b": 0.5, "theta": 0, "L": 2, "generator": "normal", "background_distribution": {"name": "Gaussian", "mu": [0, 0], "sigma": [0.5, 0.5]}, "signal_from_background": true, "signal_sigma_scale": 1, "systematics": [], "train_comment": "", "test_comment": "", "box_center": [2.0, 0.0], "signal_center": [1.999333371979978, 0.0035509283176257816], "background_center": [0.002959579407846144, -0.009213230389460857], "signal_center_biased": [1.999333371979978, 0.0035509283176257816], "background_center_biased": [0.002959579407846144, -0.009213230389460857]}