{"case": 1, "problem_dimension": 2, "total_number_of_events": 5079, "p_b": 0.5, "theta": 0, "L": 2, "generator": "normal", "background_distribution": {"name": "Gaussian", "mu": [0, 0], "sigma": [0.5, 0.5]}, "signal_from_background": true, "signal_sigma_scale": 1, "systematics": [], "train_comment": "", "test_comment": "", "box_center": [2.0, 0.0], "signal_center": [1.992747751261552, -0.002573061529102594], "background_center": [0.006589649014597583, -0.0030870490018967724], "signal_center_biased": [1.992747751261552, -0.002573061529102594], "background_center_biased": [0.006589649014597583, -0.0030870490018967724]}