{"case": 3, "problem_dimension": 2, "total_number_of_events": 4951, "p_b": 0.5, "theta": 0, "L": 2, "generator": "normal", "background_distribution": {"name": "Gaussian", "mu": [0, 0], "sigma": [0.5, 0.5]}, "signal_from_background": true, "signal_sigma_scale": 1, "systematics": [], "train_comment": "", "test_comment": "", "box_center": [2.0, 0.0], "signal_center": [2.0002677696363733, 0.013354300617884117], "background_center": [-0.0028834012871883944, 0.005893862329204796], "signal_center_biased": [2.0002677696363733, 0.013354300617884117], "background_center_biased": [-0.0028834012871883944, 0.005893862329204796]}