{"case": 7, "problem_dimension": 2, "total_number_of_events": 5101, "p_b": 0.5, "theta": 0, "L": 2, "generator": "normal", "background_distribution": {"name": "Gaussian", "mu": [0, 0], "sigma": [0.5, 0.5]}, "signal_from_background": true, "signal_sigma_scale": 1, "systematics": [], "train_comment": "", "test_comment": "", "box_center": [2.0, 0.0], "signal_center": [2.0035857517899434, 0.00047920839946418716], "background_center": [0.0007872268349272644, -0.009593076118662879], "signal_center_biased": [2.0035857517899434, 0.00047920839946418716], "background_center_biased": [0.0007872268349272644, -0.009593076118662879]}