{"case": 8, "problem_dimension": 2, "total_number_of_events": 4948, "p_b": 0.5, "theta": 0, "L": 2, "generator": "normal", "background_distribution": {"name": "Gaussian", "mu": [0, 0], "sigma": [0.5, 0.5]}, "signal_from_background": true, "signal_sigma_scale": 1, "systematics": [], "train_comment": "", "test_comment": "", "box_center": [2.0, 0.0], "signal_center": [2.011860628883642, -0.014984001021557333], "background_center": [0.0015185719232907536, 0.017926569352789697], "signal_center_biased": [2.011860628883642, -0.014984001021557333], "background_center_biased": [0.0015185719232907536, 0.017926569352789697]}