{"case": 7, "problem_dimension": 2, "total_number_of_events": 4967, "p_b": 0.5, "theta": 0, "L": 2, "generator": "normal", "background_distribution": {"name": "Gaussian", "mu": [0, 0], "sigma": [0.5, 0.5]}, "signal_from_background": true, "signal_sigma_scale": 1, "systematics": [], "train_comment": "", "test_comment": "", "box_center": [2.0, 0.0], "signal_center": [1.9948898314963874, -0.004900684569460642], "background_center": [-0.00437634296140182, 0.0114314756288164], "signal_center_biased": [1.9948898314963874, -0.004900684569460642], "background_center_biased": [-0.00437634296140182, 0.0114314756288164]}