{"case": 10, "problem_dimension": 2, "total_number_of_events": 4904, "p_b": 0.5, "theta": 0, "L": 2, "generator": "normal", "background_distribution": {"name": "Gaussian", "mu": [0, 0], "sigma": [0.5, 0.5]}, "signal_from_background": true, "signal_sigma_scale": 1, "systematics": [], "train_comment": "", "test_comment": "", "box_center": [2.0, 0.0], "signal_center": [1.9879042292115592, 0.007660020999155274], "background_center": [0.0023409870537126573, -0.018125514672615237], "signal_center_biased": [1.9879042292115592, 0.007660020999155274], "background_center_biased": [0.0023409870537126573, -0.018125514672615237]}