{"case": 3, "problem_dimension": 2, "total_number_of_events": 4996, "p_b": 0.5, "theta": 0, "L": 2, "generator": "normal", "background_distribution": {"name": "Gaussian", "mu": [0, 0], "sigma": [0.5, 0.5]}, "signal_from_background": true, "signal_sigma_scale": 1, "systematics": [], "train_comment": "", "test_comment": "", "box_center": [2.0, 0.0], "signal_center": [2.0012824840462824, -0.002000456677436808], "background_center": [0.019223121208328035, 0.01741691965008694], "signal_center_biased": [2.0012824840462824, -0.002000456677436808], "background_center_biased": [0.019223121208328035, 0.01741691965008694]}