{"case": 2, "problem_dimension": 2, "total_number_of_events": 5100, "p_b": 0.5, "theta": 0, "L": 2, "generator": "normal", "background_distribution": {"name": "Gaussian", "mu": [0, 0], "sigma": [0.5, 0.5]}, "signal_from_background": true, "signal_sigma_scale": 1, "systematics": [], "train_comment": "", "test_comment": "", "box_center": [2.0, 0.0], "signal_center": [1.9979100374561745, 1.2128480446789506e-05], "background_center": [0.02605335367781297, 0.012878353026317405], "signal_center_biased": [1.9979100374561745, 1.2128480446789506e-05], "background_center_biased": [0.02605335367781297, 0.012878353026317405]}