{"case": 5, "problem_dimension": 2, "total_number_of_events": 4986, "p_b": 0.5, "theta": 0, "L": 2, "generator": "normal", "background_distribution": {"name": "Gaussian", "mu": [0, 0], "sigma": [0.5, 0.5]}, "signal_from_background": true, "signal_sigma_scale": 1, "systematics": [], "train_comment": "", "test_comment": "", "box_center": [2.0, 0.0], "signal_center": [2.003552559278622, -6.653909597303824e-05], "background_center": [0.00719516569158043, 0.010459388591295657], "signal_center_biased": [2.003552559278622, -6.653909597303824e-05], "background_center_biased": [0.00719516569158043, 0.010459388591295657]}