{"case": 1, "problem_dimension": 2, "total_number_of_events": 5015, "p_b": 0.5, "theta": 0, "L": 2, "generator": "normal", "background_distribution": {"name": "Gaussian", "mu": [0, 0], "sigma": [0.5, 0.5]}, "signal_from_background": true, "signal_sigma_scale": 1, "systematics": [], "train_comment": "", "test_comment": "", "box_center": [2.0, 0.0], "signal_center": [2.00253609853086, 0.017026514503119674], "background_center": [-0.0009027344996238636, -0.008667795851408025], "signal_center_biased": [2.00253609853086, 0.017026514503119674], "background_center_biased": [-0.0009027344996238636, -0.008667795851408025]}