{"case": 4, "problem_dimension": 2, "total_number_of_events": 5115, "p_b": 0.5, "theta": 0, "L": 2, "generator": "normal", "background_distribution": {"name": "Gaussian", "mu": [0, 0], "sigma": [0.5, 0.5]}, "signal_from_background": true, "signal_sigma_scale": 1, "systematics": [], "train_comment": "", "test_comment": "", "box_center": [2.0, 0.0], "signal_center": [2.008442175975029, -0.006126985307488658], "background_center": [-0.005960983128161321, 0.01980643276087104], "signal_center_biased": [2.008442175975029, -0.006126985307488658], "background_center_biased": [-0.005960983128161321, 0.01980643276087104]}