{"case": 10, "problem_dimension": 2, "total_number_of_events": 4963, "p_b": 0.5, "theta": 0, "L": 2, "generator": "normal", "background_distribution": {"name": "Gaussian", "mu": [0, 0], "sigma": [0.5, 0.5]}, "signal_from_background": true, "signal_sigma_scale": 1, "systematics": [], "train_comment": "", "test_comment": "", "box_center": [2.0, 0.0], "signal_center": [1.990122276115473, -0.0004630078338726384], "background_center": [-0.0022040911360695823, 0.001547138802925447], "signal_center_biased": [1.990122276115473, -0.0004630078338726384], "background_center_biased": [-0.0022040911360695823, 0.001547138802925447]}