{"case": 9, "problem_dimension": 2, "total_number_of_events": 4984, "p_b": 0.5, "theta": 0, "L": 2, "generator": "normal", "background_distribution": {"name": "Gaussian", "mu": [0, 0], "sigma": [0.5, 0.5]}, "signal_from_background": true, "signal_sigma_scale": 1, "systematics": [], "train_comment": "", "test_comment": "", "box_center": [2.0, 0.0], "signal_center": [2.0063570399541937, 0.004412685181367886], "background_center": [0.004139615185935851, 4.373911578922048e-05], "signal_center_biased": [2.0063570399541937, 0.004412685181367886], "background_center_biased": [0.004139615185935851, 4.373911578922048e-05]}