{"case": 5, "problem_dimension": 2, "total_number_of_events": 5062, "p_b": 0.5, "theta": 0, "L": 2, "generator": "normal", "background_distribution": {"name": "Gaussian", "mu": [0, 0], "sigma": [0.5, 0.5]}, "signal_from_background": true, "signal_sigma_scale": 1, "systematics": [], "train_comment": "", "test_comment": "", "box_center": [2.0, 0.0], "signal_center": [2.015908221256378, 0.005987057559247969], "background_center": [0.012790774728201351, 0.002046025286587554], "signal_center_biased": [2.015908221256378, 0.005987057559247969], "background_center_biased": [0.012790774728201351, 0.002046025286587554]}