{"case": 4, "problem_dimension": 2, "total_number_of_events": 4917, "p_b": 0.5, "theta": 0, "L": 2, "generator": "normal", "background_distribution": {"name": "Gaussian", "mu": [0, 0], "sigma": [0.5, 0.5]}, "signal_from_background": true, "signal_sigma_scale": 1, "systematics": [], "train_comment": "", "test_comment": "", "box_center": [2.0, 0.0], "signal_center": [1.978062988317163, -0.013632557900637764], "background_center": [-0.006825278944408485, 0.019783980471752248], "signal_center_biased": [1.978062988317163, -0.013632557900637764], "background_center_biased": [-0.006825278944408485, 0.019783980471752248]}