{"case": 6, "problem_dimension": 2, "total_number_of_events": 5065, "p_b": 0.5, "theta": 0, "L": 2, "generator": "normal", "background_distribution": {"name": "Gaussian", "mu": [0, 0], "sigma": [0.5, 0.5]}, "signal_from_background": true, "signal_sigma_scale": 1, "systematics": [], "train_comment": "", "test_comment": "", "box_center": [2.0, 0.0], "signal_center": [2.001723106000898, 0.003874375040386686], "background_center": [-0.003586572192378817, -0.001084169037487496], "signal_center_biased": [2.001723106000898, 0.003874375040386686], "background_center_biased": [-0.003586572192378817, -0.001084169037487496]}