{"case": 1, "problem_dimension": 2, "total_number_of_events": 4957, "p_b": 0.5, "theta": 0, "L": 2, "generator": "normal", "background_distribution": {"name": "Gaussian", "mu": [0, 0], "sigma": [0.5, 0.5]}, "signal_from_background": true, "signal_sigma_scale": 1, "systematics": [], "train_comment": "", "test_comment": "", "box_center": [2.0, 0.0], "signal_center": [2.009523158823035, -0.00393723256151868], "background_center": [0.0005560822427736286, -0.01074708197953974], "signal_center_biased": [2.009523158823035, -0.00393723256151868], "background_center_biased": [0.0005560822427736286, -0.01074708197953974]}