{"case": 7, "problem_dimension": 2, "total_number_of_events": 5138, "p_b": 0.5, "theta": 0, "L": 2, "generator": "normal", "background_distribution": {"name": "Gaussian", "mu": [0, 0], "sigma": [0.5, 0.5]}, "signal_from_background": true, "signal_sigma_scale": 1, "systematics": [], "train_comment": "", "test_comment": "", "box_center": [2.0, 0.0], "signal_center": [2.0071388015115823, 0.0085616137941828], "background_center": [0.0002037866418963551, 0.00618339785347117], "signal_center_biased": [2.0071388015115823, 0.0085616137941828], "background_center_biased": [0.0002037866418963551, 0.00618339785347117]}