{"case": 2, "problem_dimension": 2, "total_number_of_events": 5020, "p_b": 0.5, "theta": 0, "L": 2, "generator": "normal", "background_distribution": {"name": "Gaussian", "mu": [0, 0], "sigma": [0.5, 0.5]}, "signal_from_background": true, "signal_sigma_scale": 1, "systematics": [], "train_comment": "", "test_comment": "", "box_center": [2.0, 0.0], "signal_center": [1.9932525741231952, -0.011837328150131365], "background_center": [0.0019371859940129517, 0.009041909437258128], "signal_center_biased": [1.9932525741231952, -0.011837328150131365], "background_center_biased": [0.0019371859940129517, 0.009041909437258128]}