{"case": 3, "problem_dimension": 2, "total_number_of_events": 5099, "p_b": 0.5, "theta": 0, "L": 2, "generator": "normal", "background_distribution": {"name": "Gaussian", "mu": [0, 0], "sigma": [0.5, 0.5]}, "signal_from_background": true, "signal_sigma_scale": 1, "systematics": [], "train_comment": "", "test_comment": "", "box_center": [2.0, 0.0], "signal_center": [2.003515930098081, 0.0035718189157725117], "background_center": [0.017540988251151208, 0.014600003185246058], "signal_center_biased": [2.003515930098081, 0.0035718189157725117], "background_center_biased": [0.017540988251151208, 0.014600003185246058]}