{"case": 9, "problem_dimension": 2, "total_number_of_events": 4943, "p_b": 0.5, "theta": 0, "L": 2, "generator": "normal", "background_distribution": {"name": "Gaussian", "mu": [0, 0], "sigma": [0.5, 0.5]}, "signal_from_background": true, "signal_sigma_scale": 1, "systematics": [], "train_comment": "", "test_comment": "", "box_center": [2.0, 0.0], "signal_center": [2.0065409994796326, 0.004385720517566956], "background_center": [0.0038662943859899914, 0.011842058750867187], "signal_center_biased": [2.0065409994796326, 0.004385720517566956], "background_center_biased": [0.0038662943859899914, 0.011842058750867187]}