{"case": 10, "problem_dimension": 2, "total_number_of_events": 4958, "p_b": 0.5, "theta": 0, "L": 2, "generator": "normal", "background_distribution": {"name": "Gaussian", "mu": [0, 0], "sigma": [0.5, 0.5]}, "signal_from_background": true, "signal_sigma_scale": 1, "systematics": [], "train_comment": "", "test_comment": "", "box_center": [2.0, 0.0], "signal_center": [2.001586027659718, 0.0038738351221480095], "background_center": [0.007863974756125077, -0.013420842786054063], "signal_center_biased": [2.001586027659718, 0.0038738351221480095], "background_center_biased": [0.007863974756125077, -0.013420842786054063]}