{"case": 4, "problem_dimension": 2, "total_number_of_events": 4883, "p_b": 0.5, "theta": 0, "L": 2, "generator": "normal", "background_distribution": {"name": "Gaussian", "mu": [0, 0], "sigma": [0.5, 0.5]}, "signal_from_background": true, "signal_sigma_scale": 1, "systematics": [], "train_comment": "", "test_comment": "", "box_center": [2.0, 0.0], "signal_center": [2.0027511913696157, 0.018189238108125276], "background_center": [0.002431114605866076, 0.008765746964203099], "signal_center_biased": [2.0027511913696157, 0.018189238108125276], "background_center_biased": [0.002431114605866076, 0.008765746964203099]}