{"case": 6, "problem_dimension": 2, "total_number_of_events": 5026, "p_b": 0.5, "theta": 0, "L": 2, "generator": "normal", "background_distribution": {"name": "Gaussian", "mu": [0, 0], "sigma": [0.5, 0.5]}, "signal_from_background": true, "signal_sigma_scale": 1, "systematics": [], "train_comment": "", "test_comment": "", "box_center": [2.0, 0.0], "signal_center": [1.999930509489371, -0.006569417352132393], "background_center": [-0.005559318379245561, 0.0013217766424546825], "signal_center_biased": [1.999930509489371, -0.006569417352132393], "background_center_biased": [-0.005559318379245561, 0.0013217766424546825]}