{"case": 1, "problem_dimension": 2, "total_number_of_events": 4894, "p_b": 0.5, "theta": 0, "L": 2, "generator": "normal", "background_distribution": {"name": "Gaussian", "mu": [0, 0], "sigma": [0.5, 0.5]}, "signal_from_background": true, "signal_sigma_scale": 1, "systematics": [], "train_comment": "", "test_comment": "", "box_center": [2.0, 0.0], "signal_center": [1.986293962229044, -0.01144045300265095], "background_center": [-0.005588341047134198, 0.006097456895746554], "signal_center_biased": [1.986293962229044, -0.01144045300265095], "background_center_biased": [-0.005588341047134198, 0.006097456895746554]}