{"case": 4, "problem_dimension": 2, "total_number_of_events": 5084, "p_b": 0.5, "theta": 0, "L": 2, "generator": "normal", "background_distribution": {"name": "Gaussian", "mu": [0, 0], "sigma": [0.5, 0.5]}, "signal_from_background": true, "signal_sigma_scale": 1, "systematics": [], "train_comment": "", "test_comment": "", "box_center": [2.0, 0.0], "signal_center": [1.9995918410880424, 0.010456510453690733], "background_center": [-0.0008309243571435811, -0.002981389082324742], "signal_center_biased": [1.9995918410880424, 0.010456510453690733], "background_center_biased": [-0.0008309243571435811, -0.002981389082324742]}