{"case": 1, "problem_dimension": 2, "total_number_of_events": 5067, "p_b": 0.5, "theta": 0, "L": 2, "generator": "normal", "background_distribution": {"name": "Gaussian", "mu": [0, 0], "sigma": [0.5, 0.5]}, "signal_from_background": true, "signal_sigma_scale": 1, "systematics": [], "train_comment": "", "test_comment": "", "box_center": [2.0, 0.0], "signal_center": [1.9827152244546666, 0.0248222203033114], "background_center": [-0.005758869998042039, 0.0006350181010654117], "signal_center_biased": [1.9827152244546666, 0.0248222203033114], "background_center_biased": [-0.005758869998042039, 0.0006350181010654117]}