{"case": 2, "problem_dimension": 2, "total_number_of_events": 4948, "p_b": 0.5, "theta": 0, "L": 2, "generator": "normal", "background_distribution": {"name": "Gaussian", "mu": [0, 0], "sigma": [0.5, 0.5]}, "signal_from_background": true, "signal_sigma_scale": 1, "systematics": [], "train_comment": "", "test_comment": "", "box_center": [2.0, 0.0], "signal_center": [2.0036917741600155, -0.017623022356558316], "background_center": [0.008347981963949695, -0.025630555185310037], "signal_center_biased": [2.0036917741600155, -0.017623022356558316], "background_center_biased": [0.008347981963949695, -0.025630555185310037]}