{"case": 7, "problem_dimension": 2, "total_number_of_events": 4985, "p_b": 0.5, "theta": 0, "L": 2, "generator": "normal", "background_distribution": {"name": "Gaussian", "mu": [0, 0], "sigma": [0.5, 0.5]}, "signal_from_background": true, "signal_sigma_scale": 1, "systematics": [], "train_comment": "", "test_comment": "", "box_center": [2.0, 0.0], "signal_center": [1.995313545559251, 0.0005062871569475451], "background_center": [0.011050591049318803, 0.009207403715448237], "signal_center_biased": [1.995313545559251, 0.0005062871569475451], "background_center_biased": [0.011050591049318803, 0.009207403715448237]}