{"case": 10, "problem_dimension": 2, "total_number_of_events": 5068, "p_b": 0.5, "theta": 0, "L": 2, "generator": "normal", "background_distribution": {"name": "Gaussian", "mu": [0, 0], "sigma": [0.5, 0.5]}, "signal_from_background": true, "signal_sigma_scale": 1, "systematics": [], "train_comment": "", "test_comment": "", "box_center": [2.0, 0.0], "signal_center": [2.013685174723544, 0.00237167269497308], "background_center": [-0.00609095955664487, 0.007047277008150382], "signal_center_biased": [2.013685174723544, 0.00237167269497308], "background_center_biased": [-0.00609095955664487, 0.007047277008150382]}