{"case": 9, "problem_dimension": 2, "total_number_of_events": 5049, "p_b": 0.5, "theta": 0, "L": 2, "generator": "normal", "background_distribution": {"name": "Gaussian", "mu": [0, 0], "sigma": [0.5, 0.5]}, "signal_from_background": true, "signal_sigma_scale": 1, "systematics": [], "train_comment": "", "test_comment": "", "box_center": [2.0, 0.0], "signal_center": [1.9995796094485312, 0.0001424849208180851], "background_center": [0.00029804535577725627, 0.0009317555484510621], "signal_center_biased": [1.9995796094485312, 0.0001424849208180851], "background_center_biased": [0.00029804535577725627, 0.0009317555484510621]}