{"case": 7, "problem_dimension": 2, "total_number_of_events": 4929, "p_b": 0.5, "theta": 0, "L": 2, "generator": "normal", "background_distribution": {"name": "Gaussian", "mu": [0, 0], "sigma": [0.5, 0.5]}, "signal_from_background": true, "signal_sigma_scale": 1, "systematics": [], "train_comment": "", "test_comment": "", "box_center": [2.0, 0.0], "signal_center": [2.005449521232543, -0.006924882990071898], "background_center": [-0.013072216589419766, 0.007489572637707027], "signal_center_biased": [2.005449521232543, -0.006924882990071898], "background_center_biased": [-0.013072216589419766, 0.007489572637707027]}