{"case": 2, "problem_dimension": 2, "total_number_of_events": 4877, "p_b": 0.5, "theta": 0, "L": 2, "generator": "normal", "background_distribution": {"name": "Gaussian", "mu": [0, 0], "sigma": [0.5, 0.5]}, "signal_from_background": true, "signal_sigma_scale": 1, "systematics": [], "train_comment": "", "test_comment": "", "box_center": [2.0, 0.0], "signal_center": [1.9983415791111037, -0.004696537908969006], "background_center": [-0.020137759324772686, -0.0159912978044816], "signal_center_biased": [1.9983415791111037, -0.004696537908969006], "background_center_biased": [-0.020137759324772686, -0.0159912978044816]}