{"case": 8, "problem_dimension": 2, "total_number_of_events": 5109, "p_b": 0.5, "theta": 0, "L": 2, "generator": "normal", "background_distribution": {"name": "Gaussian", "mu": [0, 0], "sigma": [0.5, 0.5]}, "signal_from_background": true, "signal_sigma_scale": 1, "systematics": [], "train_comment": "", "test_comment": "", "box_center": [2.0, 0.0], "signal_center": [1.982941745461486, 0.0005973735444084211], "background_center": [0.02040515336805257, 0.011684862750001159], "signal_center_biased": [1.982941745461486, 0.0005973735444084211], "background_center_biased": [0.02040515336805257, 0.011684862750001159]}