{"case": 4, "problem_dimension": 2, "total_number_of_events": 4952, "p_b": 0.5, "theta": 0, "L": 2, "generator": "normal", "background_distribution": {"name": "Gaussian", "mu": [0, 0], "sigma": [0.5, 0.5]}, "signal_from_background": true, "signal_sigma_scale": 1, "systematics": [], "train_comment": "", "test_comment": "", "box_center": [2.0, 0.0], "signal_center": [1.9929937170359182, 0.0006540325351767967], "background_center": [0.006808354098607427, -0.015279941232904359], "signal_center_biased": [1.9929937170359182, 0.0006540325351767967], "background_center_biased": [0.006808354098607427, -0.015279941232904359]}