{"case": 6, "problem_dimension": 2, "total_number_of_events": 5041, "p_b": 0.5, "theta": 0, "L": 2, "generator": "normal", "background_distribution": {"name": "Gaussian", "mu": [0, 0], "sigma": [0.5, 0.5]}, "signal_from_background": true, "signal_sigma_scale": 1, "systematics": [], "train_comment": "", "test_comment": "", "box_center": [2.0, 0.0], "signal_center": [1.9961511002939236, -0.0027055383711594907], "background_center": [-0.0015065994860553543, -0.004604512575316621], "signal_center_biased": [1.9961511002939236, -0.0027055383711594907], "background_center_biased": [-0.0015065994860553543, -0.004604512575316621]}