{"case": 1, "problem_dimension": 2, "total_number_of_events": 5002, "p_b": 0.5, "theta": 0, "L": 2, "generator": "normal", "background_distribution": {"name": "Gaussian", "mu": [0, 0], "sigma": [0.5, 0.5]}, "signal_from_background": true, "signal_sigma_scale": 1, "systematics": [], "train_comment": "", "test_comment": "", "box_center": [2.0, 0.0], "signal_center": [2.0190884766015693, -0.0022152976557695734], "background_center": [0.0035253971212735958, 0.0030144670549869463], "signal_center_biased": [2.0190884766015693, -0.0022152976557695734], "background_center_biased": [0.0035253971212735958, 0.0030144670549869463]}