{"case": 5, "problem_dimension": 2, "total_number_of_events": 4948, "p_b": 0.5, "theta": 0, "L": 2, "generator": "normal", "background_distribution": {"name": "Gaussian", "mu": [0, 0], "sigma": [0.5, 0.5]}, "signal_from_background": true, "signal_sigma_scale": 1, "systematics": [], "train_comment": "", "test_comment": "", "box_center": [2.0, 0.0], "signal_center": [2.0057694921805282, -0.0036584593841542997], "background_center": [-0.006552309240435518, -0.006183745865742654], "signal_center_biased": [2.0057694921805282, -0.0036584593841542997], "background_center_biased": [-0.006552309240435518, -0.006183745865742654]}