{"case": 2, "problem_dimension": 2, "total_number_of_events": 4952, "p_b": 0.5, "theta": 0, "L": 2, "generator": "normal", "background_distribution": {"name": "Gaussian", "mu": [0, 0], "sigma": [0.5, 0.5]}, "signal_from_background": true, "signal_sigma_scale": 1, "systematics": [], "train_comment": "", "test_comment": "", "box_center": [2.0, 0.0], "signal_center": [1.9676510038860435, 0.011917956950851983], "background_center": [-0.018378437194379572, -0.00996631327742674], "signal_center_biased": [1.9676510038860435, 0.011917956950851983], "background_center_biased": [-0.018378437194379572, -0.00996631327742674]}