{"case": 10, "problem_dimension": 2, "total_number_of_events": 4931, "p_b": 0.5, "theta": 0, "L": 2, "generator": "normal", "background_distribution": {"name": "Gaussian", "mu": [0, 0], "sigma": [0.5, 0.5]}, "signal_from_background": true, "signal_sigma_scale": 1, "systematics": [], "train_comment": "", "test_comment": "", "box_center": [2.0, 0.0], "signal_center": [1.9967552913078481, -0.010566539401027501], "background_center": [-0.026683103403951105, -0.009113298928462592], "signal_center_biased": [1.9967552913078481, -0.010566539401027501], "background_center_biased": [-0.026683103403951105, -0.009113298928462592]}