{"case": 4, "problem_dimension": 2, "total_number_of_events": 4929, "p_b": 0.5, "theta": 0, "L": 2, "generator": "normal", "background_distribution": {"name": "Gaussian", "mu": [0, 0], "sigma": [0.5, 0.5]}, "signal_from_background": true, "signal_sigma_scale": 1, "systematics": [], "train_comment": "", "test_comment": "", "box_center": [2.0, 0.0], "signal_center": [2.0108066004444347, -0.0025871642603007994], "background_center": [0.018167830360459644, -0.012449169971638327], "signal_center_biased": [2.0108066004444347, -0.0025871642603007994], "background_center_biased": [0.018167830360459644, -0.012449169971638327]}