{"case": 1, "problem_dimension": 2, "total_number_of_events": 4920, "p_b": 0.5, "theta": 0, "L": 2, "generator": "normal", "background_distribution": {"name": "Gaussian", "mu": [0, 0], "sigma": [0.5, 0.5]}, "signal_from_background": true, "signal_sigma_scale": 1, "systematics": [], "train_comment": "", "test_comment": "", "box_center": [2.0, 0.0], "signal_center": [2.0067521987894392, -0.0022610602861375473], "background_center": [0.004069765901533309, 0.00896847014546072], "signal_center_biased": [2.0067521987894392, -0.0022610602861375473], "background_center_biased": [0.004069765901533309, 0.00896847014546072]}