{"case": 6, "problem_dimension": 2, "total_number_of_events": 5015, "p_b": 0.5, "theta": 0, "L": 2, "generator": "normal", "background_distribution": {"name": "Gaussian", "mu": [0, 0], "sigma": [0.5, 0.5]}, "signal_from_background": true, "signal_sigma_scale": 1, "systematics": [], "train_comment": "", "test_comment": "", "box_center": [2.0, 0.0], "signal_center": [2.0051372101876916, -0.00313480240422264], "background_center": [0.002341885403218521, -0.0006401636074939807], "signal_center_biased": [2.0051372101876916, -0.00313480240422264], "background_center_biased": [0.002341885403218521, -0.0006401636074939807]}