{"case": 5, "problem_dimension": 2, "total_number_of_events": 4921, "p_b": 0.5, "theta": 0, "L": 2, "generator": "normal", "background_distribution": {"name": "Gaussian", "mu": [0, 0], "sigma": [0.5, 0.5]}, "signal_from_background": true, "signal_sigma_scale": 1, "systematics": [], "train_comment": "", "test_comment": "", "box_center": [2.0, 0.0], "signal_center": [2.024509021882987, 0.0029112833523798607], "background_center": [-0.0020771227427470577, -0.019622715248328988], "signal_center_biased": [2.024509021882987, 0.0029112833523798607], "background_center_biased": [-0.0020771227427470577, -0.019622715248328988]}