{"case": 10, "problem_dimension": 2, "total_number_of_events": 4966, "p_b": 0.5, "theta": 0, "L": 2, "generator": "normal", "background_distribution": {"name": "Gaussian", "mu": [0, 0], "sigma": [0.5, 0.5]}, "signal_from_background": true, "signal_sigma_scale": 1, "systematics": [], "train_comment": "", "test_comment": "", "box_center": [2.0, 0.0], "signal_center": [1.9959968252204017, -0.011778925546981558], "background_center": [-0.00488012628465663, -0.016812562067398333], "signal_center_biased": [1.9959968252204017, -0.011778925546981558], "background_center_biased": [-0.00488012628465663, -0.016812562067398333]}