{"case": 7, "problem_dimension": 2, "total_number_of_events": 4949, "p_b": 0.5, "theta": 0, "L": 2, "generator": "normal", "background_distribution": {"name": "Gaussian", "mu": [0, 0], "sigma": [0.5, 0.5]}, "signal_from_background": true, "signal_sigma_scale": 1, "systematics": [], "train_comment": "", "test_comment": "", "box_center": [2.0, 0.0], "signal_center": [1.992643137034321, 0.021721544605415123], "background_center": [0.0033079554282968177, -0.01051828595969348], "signal_center_biased": [1.992643137034321, 0.021721544605415123], "background_center_biased": [0.0033079554282968177, -0.01051828595969348]}