{"case": 4, "problem_dimension": 2, "total_number_of_events": 4875, "p_b": 0.5, "theta": 0, "L": 2, "generator": "normal", "background_distribution": {"name": "Gaussian", "mu": [0, 0], "sigma": [0.5, 0.5]}, "signal_from_background": true, "signal_sigma_scale": 1, "systematics": [], "train_comment": "", "test_comment": "", "box_center": [2.0, 0.0], "signal_center": [2.003316935393709, -0.009872978690342055], "background_center": [3.559254885808323e-05, 0.016097482368604015], "signal_center_biased": [2.003316935393709, -0.009872978690342055], "background_center_biased": [3.559254885808323e-05, 0.016097482368604015]}