{"case": 3, "problem_dimension": 2, "total_number_of_events": 5021, "p_b": 0.5, "theta": 0, "L": 2, "generator": "normal", "background_distribution": {"name": "Gaussian", "mu": [0, 0], "sigma": [0.5, 0.5]}, "signal_from_background": true, "signal_sigma_scale": 1, "systematics": [], "train_comment": "", "test_comment": "", "box_center": [2.0, 0.0], "signal_center": [1.997246355547328, 0.0037353437997607224], "background_center": [-0.006742288485335015, -0.001122609141676501], "signal_center_biased": [1.997246355547328, 0.0037353437997607224], "background_center_biased": [-0.006742288485335015, -0.001122609141676501]}